Entity,Code,Year,Number of children who are stunted (IHME)
Afghanistan,AFG,1990,1509775.7303199999
Afghanistan,AFG,1995,2174953.7752
Afghanistan,AFG,2000,2657398.98648
Afghanistan,AFG,2005,3031783.6824000003
Afghanistan,AFG,2010,3061150.6074
Afghanistan,AFG,2016,2934661.0308
Albania,ALB,1990,110297.99887999998
Albania,ALB,1995,92428.68686
Albania,ALB,2000,101266.68980000001
Albania,ALB,2005,59243.7381
Albania,ALB,2010,42425.561219999996
Albania,ALB,2016,38694.29157
Algeria,DZA,1990,1005334.2330400001
Algeria,DZA,1995,1247734.4010299998
Algeria,DZA,2000,1052088.0924999998
Algeria,DZA,2005,584773.9087400001
Algeria,DZA,2010,534427.3593199999
Algeria,DZA,2016,528055.9214
Angola,AGO,1990,1267703.42616
Angola,AGO,1995,1476497.38635
Angola,AGO,2000,1596146.4612
Angola,AGO,2005,1552560.0786200003
Angola,AGO,2010,1523367.96864
Angola,AGO,2016,1603209.1095400003
Antigua and Barbuda,ATG,1990,644.1925600000001
Antigua and Barbuda,ATG,1995,626.5555999999999
Antigua and Barbuda,ATG,2000,553.96088
Antigua and Barbuda,ATG,2005,545.9175
Antigua and Barbuda,ATG,2010,503.18590000000006
Antigua and Barbuda,ATG,2016,504.7437700000001
Argentina,ARG,1990,405152.118
Argentina,ARG,1995,499335.86486
Argentina,ARG,2000,345683.52896
Argentina,ARG,2005,279861.55340000003
Argentina,ARG,2010,264031.53966
Argentina,ARG,2016,251333.27362000002
Armenia,ARM,1990,65219.23408
Armenia,ARM,1995,49541.39078
Armenia,ARM,2000,36120.728579999995
Armenia,ARM,2005,32673.139030000006
Armenia,ARM,2010,42744.21330999999
Armenia,ARM,2016,35778.70488
Australia,AUS,1990,62210.895339999995
Australia,AUS,1995,56961.188129999995
Australia,AUS,2000,43246.85152
Australia,AUS,2005,39645.09375
Australia,AUS,2010,45566.95545
Australia,AUS,2016,45854.62488
Austria,AUT,1990,8349.592679999998
Austria,AUT,1995,6604.347720000001
Austria,AUT,2000,5267.434699999999
Austria,AUT,2005,4845.20559
Austria,AUT,2010,4699.02668
Austria,AUT,2016,4879.2535
Azerbaijan,AZE,1990,236459.23063
Azerbaijan,AZE,1995,239702.78379999998
Azerbaijan,AZE,2000,167775.13932
Azerbaijan,AZE,2005,177668.80625
Azerbaijan,AZE,2010,128427.29711999999
Azerbaijan,AZE,2016,124567.12303999996
Bahamas,BHS,1990,2498.997
Bahamas,BHS,1995,2608.2433199999996
Bahamas,BHS,2000,1917.2965
Bahamas,BHS,2005,2018.2269
Bahamas,BHS,2010,2129.71765
Bahamas,BHS,2016,1733.8041500000002
Bahrain,BHR,1990,8234.69175
Bahrain,BHR,1995,7583.4117
Bahrain,BHR,2000,6519.32928
Bahrain,BHR,2005,3519.70668
Bahrain,BHR,2010,2873.26474
Bahrain,BHR,2016,3144.6746100000005
Bangladesh,BGD,1990,10139278.83617
Bangladesh,BGD,1995,9818934.44708
Bangladesh,BGD,2000,9408477.556
Bangladesh,BGD,2005,7725652.58619
Bangladesh,BGD,2010,7162002.927309999
Bangladesh,BGD,2016,5465699.5806
Barbados,BRB,1990,1830.5355600000003
Barbados,BRB,1995,1631.31312
Barbados,BRB,2000,1423.2983000000002
Barbados,BRB,2005,1346.76308
Barbados,BRB,2010,1285.49456
Barbados,BRB,2016,1078.0776
Belarus,BLR,1990,48861.75067
Belarus,BLR,1995,35733.323659999995
Belarus,BLR,2000,28313.33172
Belarus,BLR,2005,24298.255520000006
Belarus,BLR,2010,25289.5587
Belarus,BLR,2016,26463.8661
Belgium,BEL,1990,11097.41094
Belgium,BEL,1995,8202.590100000001
Belgium,BEL,2000,7062.152319999998
Belgium,BEL,2005,7025.24368
Belgium,BEL,2010,7536.338339999998
Belgium,BEL,2016,7404.399639999999
Belize,BLZ,1990,7409.512500000001
Belize,BLZ,1995,6318.8721399999995
Belize,BLZ,2000,6766.48989
Belize,BLZ,2005,7784.818969999999
Belize,BLZ,2010,7097.28936
Belize,BLZ,2016,5419.3489
Benin,BEN,1990,376132.49355
Benin,BEN,1995,422575.55494
Benin,BEN,2000,500161.48658000014
Benin,BEN,2005,637677.6544
Benin,BEN,2010,766358.7435600002
Benin,BEN,2016,572608.1358799998
Bhutan,BTN,1990,54873.91748
Bhutan,BTN,1995,49548.32328
Bhutan,BTN,2000,41316.08229
Bhutan,BTN,2005,27646.940969999996
Bhutan,BTN,2010,23327.14923
Bhutan,BTN,2016,17310.1382
Bolivia,BOL,1990,411325.39404
Bolivia,BOL,1995,391073.33538
Bolivia,BOL,2000,396367.63120000006
Bolivia,BOL,2005,372637.51460999995
Bolivia,BOL,2010,267310.70884
Bolivia,BOL,2016,209634.48414999995
Bosnia and Herzegovina,BIH,1990,52480.75637999999
Bosnia and Herzegovina,BIH,1995,40051.20678
Bosnia and Herzegovina,BIH,2000,27625.137580000006
Bosnia and Herzegovina,BIH,2005,21526.590090000005
Bosnia and Herzegovina,BIH,2010,27070.8216
Bosnia and Herzegovina,BIH,2016,21572.880810000006
Botswana,BWA,1990,55134.139169999995
Botswana,BWA,1995,60730.60144000001
Botswana,BWA,2000,64411.38168
Botswana,BWA,2005,73662.71443999998
Botswana,BWA,2010,77282.92943999999
Botswana,BWA,2016,62810.27928
Brazil,BRA,1990,3850323.7489
Brazil,BRA,1995,2740857.8052600003
Brazil,BRA,2000,2062617.0141
Brazil,BRA,2005,1328053.8738000002
Brazil,BRA,2010,1012398.18848
Brazil,BRA,2016,882176.8249700001
Brunei,BRN,1990,4127.9212
Brunei,BRN,1995,4188.3634
Brunei,BRN,2000,3495.7697599999997
Brunei,BRN,2005,3064.6369199999995
Brunei,BRN,2010,2960.4233999999997
Brunei,BRN,2016,2989.9537800000003
Bulgaria,BGR,1990,66116.49124
Bulgaria,BGR,1995,49933.6007
Bulgaria,BGR,2000,38890.04856
Bulgaria,BGR,2005,36415.23831
Bulgaria,BGR,2010,37497.08476
Bulgaria,BGR,2016,29774.74545
Burkina Faso,BFA,1990,742709.16984
Burkina Faso,BFA,1995,1016358.59286
Burkina Faso,BFA,2000,1074636.27105
Burkina Faso,BFA,2005,1246818.69144
Burkina Faso,BFA,2010,1030283.6304
Burkina Faso,BFA,2016,978394.8839100002
Burundi,BDI,1990,582359.30424
Burundi,BDI,1995,618419.24168
Burundi,BDI,2000,682093.8443799999
Burundi,BDI,2005,781677.37375
Burundi,BDI,2010,891165.4050299998
Burundi,BDI,2016,969321.17241
Cambodia,KHM,1990,907187.4659999999
Cambodia,KHM,1995,912617.2942399998
Cambodia,KHM,2000,771555.9524399999
Cambodia,KHM,2005,796296.07486
Cambodia,KHM,2010,766585.9229400001
Cambodia,KHM,2016,585671.4995200002
Cameroon,CMR,1990,759560.9625000001
Cameroon,CMR,1995,931498.86276
Cameroon,CMR,2000,902175.7379600002
Cameroon,CMR,2005,1135110.11739
Cameroon,CMR,2010,1196469.6192
Cameroon,CMR,2016,1156028.38533
Canada,CAN,1990,56600.42241
Canada,CAN,1995,54232.456520000014
Canada,CAN,2000,43851.50460000001
Canada,CAN,2005,38404.4068
Canada,CAN,2010,40574.50659
Canada,CAN,2016,40082.05131999999
Cape Verde,CPV,1990,17519.999999999996
Cape Verde,CPV,1995,14443.9173
Cape Verde,CPV,2000,10757.10782
Cape Verde,CPV,2005,8578.056960000002
Cape Verde,CPV,2010,6960.40776
Cape Verde,CPV,2016,5974.4841
Central African Republic,CAF,1990,151663.11171000003
Central African Republic,CAF,1995,217977.82512
Central African Republic,CAF,2000,282102.74727
Central African Republic,CAF,2005,310865.86795
Central African Republic,CAF,2010,308746.8052
Central African Republic,CAF,2016,280170.8651800001
Chad,TCD,1990,503487.24608
Chad,TCD,1995,609566.7102000001
Chad,TCD,2000,708239.64915
Chad,TCD,2005,851632.69888
Chad,TCD,2010,920525.5672000002
Chad,TCD,2016,987537.67275
Chile,CHL,1990,88421.7786
Chile,CHL,1995,49978.039359999995
Chile,CHL,2000,34140.3402
Chile,CHL,2005,45618.045600000005
Chile,CHL,2010,37498.13427
Chile,CHL,2016,26869.37856
China,CHN,1990,37396907.4375
China,CHN,1995,26091827.787600003
China,CHN,2000,17613462.838230003
China,CHN,2005,12541161.38418
China,CHN,2010,11383133.404950002
China,CHN,2016,10089537.17237
Colombia,COL,1990,880363.5753600001
Colombia,COL,1995,882834.0303499999
Colombia,COL,2000,803161.5760000001
Colombia,COL,2005,644333.1394499999
Colombia,COL,2010,485308.2263200001
Colombia,COL,2016,405923.33034
Comoros,COM,1990,34832.08608000001
Comoros,COM,1995,37393.393350000006
Comoros,COM,2000,42433.21872000001
Comoros,COM,2005,38709.10869
Comoros,COM,2010,37125.71667999999
Comoros,COM,2016,35319.34945
Congo,COG,1990,81837.36450000001
Congo,COG,1995,92941.46918000001
Congo,COG,2000,138091.4775
Congo,COG,2005,177740.55468
Congo,COG,2010,172098.08720000004
Congo,COG,2016,158289.3144
Costa Rica,CRI,1990,42739.632000000005
Costa Rica,CRI,1995,37939.3102
Costa Rica,CRI,2000,31652.03601
Costa Rica,CRI,2005,26692.64982
Costa Rica,CRI,2010,24095.307059999992
Costa Rica,CRI,2016,22260.82646
Cote d'Ivoire,CIV,1990,605911.51475
Cote d'Ivoire,CIV,1995,833092.154
Cote d'Ivoire,CIV,2000,954518.6601
Cote d'Ivoire,CIV,2005,1256844.7844099996
Cote d'Ivoire,CIV,2010,1177799.1112199998
Cote d'Ivoire,CIV,2016,1113732.158
Croatia,HRV,1990,24737.15631
Croatia,HRV,1995,24668.768339999995
Croatia,HRV,2000,24625.77345
Croatia,HRV,2005,18267.683699999998
Croatia,HRV,2010,17748.563599999998
Croatia,HRV,2016,15069.47805
Cuba,CUB,1990,41832.204050000015
Cuba,CUB,1995,34752.25125
Cuba,CUB,2000,43212.23534
Cuba,CUB,2005,30919.973639999997
Cuba,CUB,2010,41158.82295
Cuba,CUB,2016,53879.1493
Cyprus,CYP,1990,1752.3446599999997
Cyprus,CYP,1995,1179.8988000000002
Cyprus,CYP,2000,933.08889
Cyprus,CYP,2005,793.1000300000001
Cyprus,CYP,2010,801.9575899999999
Cyprus,CYP,2016,802.56456
Czechia,CZE,1990,20835.87422
Czechia,CZE,1995,19033.60522
Czechia,CZE,2000,12997.1443
Czechia,CZE,2005,12897.256999999998
Czechia,CZE,2010,15359.949
Czechia,CZE,2016,13905.12576
Democratic Republic of Congo,COD,1990,3043045.7522
Democratic Republic of Congo,COD,1995,3388533.486
Democratic Republic of Congo,COD,2000,3904716.0627200003
Democratic Republic of Congo,COD,2005,4533819.93078
Democratic Republic of Congo,COD,2010,5343682.77652
Democratic Republic of Congo,COD,2016,5566550.031239999
Denmark,DNK,1990,5006.0630200000005
Denmark,DNK,1995,4318.896749999999
Denmark,DNK,2000,3866.88052
Denmark,DNK,2005,3665.75625
Denmark,DNK,2010,3662.7338400000003
Denmark,DNK,2016,3162.7452000000003
Djibouti,DJI,1990,35841.0794
Djibouti,DJI,1995,36259.073650000006
Djibouti,DJI,2000,31395.431429999997
Djibouti,DJI,2005,32912.74581000001
Djibouti,DJI,2010,29647.09439999999
Djibouti,DJI,2016,27636.33492
Dominican Republic,DOM,1990,207512.22838
Dominican Republic,DOM,1995,155462.3392
Dominican Republic,DOM,2000,102565.72974999998
Dominican Republic,DOM,2005,114790.32179999999
Dominican Republic,DOM,2010,104341.52608
Dominican Republic,DOM,2016,83179.67616
Ecuador,ECU,1990,475141.39440000005
Ecuador,ECU,1995,455147.52171000006
Ecuador,ECU,2000,473183.49283999996
Ecuador,ECU,2005,434937.36414
Ecuador,ECU,2010,366337.7776000001
Ecuador,ECU,2016,330654.23504999996
Egypt,EGY,1990,2828824.72905
Egypt,EGY,1995,2792661.6964800004
Egypt,EGY,2000,2268361.1316
Egypt,EGY,2005,2248925.1554
Egypt,EGY,2010,2563465.0955399997
Egypt,EGY,2016,2560905.6099900003
El Salvador,SLV,1990,286834.1676
El Salvador,SLV,1995,256925.31759999995
El Salvador,SLV,2000,241516.54508999997
El Salvador,SLV,2005,159961.24824000004
El Salvador,SLV,2010,113975.65650999999
El Salvador,SLV,2016,80951.33339999999
Equatorial Guinea,GNQ,1990,38185.16736000001
Equatorial Guinea,GNQ,1995,44570.85066
Equatorial Guinea,GNQ,2000,47635.963800000005
Equatorial Guinea,GNQ,2005,48662.3305
Equatorial Guinea,GNQ,2010,38794.48755
Equatorial Guinea,GNQ,2016,38148.8574
Eritrea,ERI,1990,220332.59534000003
Eritrea,ERI,1995,208427.9202
Eritrea,ERI,2000,149735.7802
Eritrea,ERI,2005,166433.67299999998
Eritrea,ERI,2010,184410.59247
Eritrea,ERI,2016,147265.49279999998
Estonia,EST,1990,16388.04344
Estonia,EST,1995,10746.35172
Estonia,EST,2000,6352.190250000001
Estonia,EST,2005,4865.2577599999995
Estonia,EST,2010,5036.8995
Estonia,EST,2016,3942.28055
Eswatini,SWZ,1990,55566.161920000006
Eswatini,SWZ,1995,54853.816100000004
Eswatini,SWZ,2000,53166.007079999996
Eswatini,SWZ,2005,48396.22111999999
Eswatini,SWZ,2010,50439.391149999996
Eswatini,SWZ,2016,37031.9082
Ethiopia,ETH,1990,4595877.990720001
Ethiopia,ETH,1995,5513391.610059999
Ethiopia,ETH,2000,6126997.6339
Ethiopia,ETH,2005,5986816.60549
Ethiopia,ETH,2010,6276612.95334
Ethiopia,ETH,2016,6557189.609599998
Fiji,FJI,1990,6748.88067
Fiji,FJI,1995,6050.902199999999
Fiji,FJI,2000,6717.079020000002
Fiji,FJI,2005,6931.346419999999
Fiji,FJI,2010,6085.90368
Fiji,FJI,2016,5619.467519999999
Finland,FIN,1990,5900.36675
Finland,FIN,1995,4531.661879999999
Finland,FIN,2000,3640.10075
Finland,FIN,2005,3362.10623
Finland,FIN,2010,3524.007839999999
Finland,FIN,2016,3377.66934
France,FRA,1990,81576.10233
France,FRA,1995,53497.28052000001
France,FRA,2000,48499.53240000001
France,FRA,2005,48775.88304000001
France,FRA,2010,49601.01185000001
France,FRA,2016,47403.51387999999
Gabon,GAB,1990,41266.746
Gabon,GAB,1995,43932.52620000001
Gabon,GAB,2000,47655.5607
Gabon,GAB,2005,43566.74168000001
Gabon,GAB,2010,44211.421
Gabon,GAB,2016,48074.1592
Gambia,GMB,1990,49352.39459999999
Gambia,GMB,1995,71976.55029000001
Gambia,GMB,2000,65231.03048000001
Gambia,GMB,2005,78818.74836000001
Gambia,GMB,2010,76296.2112
Gambia,GMB,2016,84284.41165
Georgia,GEO,1990,58689.285840000004
Georgia,GEO,1995,47999.16693000001
Georgia,GEO,2000,34727.772320000004
Georgia,GEO,2005,35562.88866
Georgia,GEO,2010,29403.288459999996
Georgia,GEO,2016,30117.848040000004
Germany,DEU,1990,48837.45074
Germany,DEU,1995,43138.93686000001
Germany,DEU,2000,39824.60130000001
Germany,DEU,2005,36012.516540000004
Germany,DEU,2010,34003.71602999999
Germany,DEU,2016,35101.878860000004
Ghana,GHA,1990,909950.9493600001
Ghana,GHA,1995,1032680.7392099998
Ghana,GHA,2000,1017113.8243199999
Ghana,GHA,2005,1039408.53144
Ghana,GHA,2010,1138931.2442800002
Ghana,GHA,2016,733932.5732799999
Greece,GRC,1990,12982.844159999999
Greece,GRC,1995,8622.079300000001
Greece,GRC,2000,7522.5217999999995
Greece,GRC,2005,7169.920680000001
Greece,GRC,2010,7064.1442799999995
Greece,GRC,2016,5729.088
Grenada,GRD,1990,2486.5279800000003
Grenada,GRD,1995,1788.3422699999999
Grenada,GRD,2000,1140.69956
Grenada,GRD,2005,952.9255200000001
Grenada,GRD,2010,805.8922200000001
Grenada,GRD,2016,779.0876800000001
Guatemala,GTM,1990,1036920.1078000001
Guatemala,GTM,1995,1062481.4662000001
Guatemala,GTM,2000,1007750.7982499998
Guatemala,GTM,2005,949705.46034
Guatemala,GTM,2010,904211.12559
Guatemala,GTM,2016,905888.2134400001
Guinea,GIN,1990,345539.38451999996
Guinea,GIN,1995,468832.714
Guinea,GIN,2000,582478.7184
Guinea,GIN,2005,682538.0731500002
Guinea,GIN,2010,672850.77581
Guinea,GIN,2016,594022.4816400001
Guinea-Bissau,GNB,1990,73053.81972000001
Guinea-Bissau,GNB,1995,75432.96221999999
Guinea-Bissau,GNB,2000,80457.73326
Guinea-Bissau,GNB,2005,103157.06076000001
Guinea-Bissau,GNB,2010,84925.09675000001
Guinea-Bissau,GNB,2016,79265.6067
Guyana,GUY,1990,13973.6436
Guyana,GUY,1995,14979.25792
Guyana,GUY,2000,13725.4956
Guyana,GUY,2005,14852.68731
Guyana,GUY,2010,13221.65253
Guyana,GUY,2016,9525.583999999999
Haiti,HTI,1990,477007.26105000003
Haiti,HTI,1995,448936.31642000005
Haiti,HTI,2000,354129.09713
Haiti,HTI,2005,348315.03223
Haiti,HTI,2010,309205.50934
Haiti,HTI,2016,272321.87266
Honduras,HND,1990,441539.8003799999
Honduras,HND,1995,455753.56096000003
Honduras,HND,2000,429542.15065
Honduras,HND,2005,330750.92021999997
Honduras,HND,2010,259888.04964
Honduras,HND,2016,224381.47776
Hungary,HUN,1990,24579.120000000006
Hungary,HUN,1995,23699.388240000004
Hungary,HUN,2000,19138.838419999996
Hungary,HUN,2005,17116.3702
Hungary,HUN,2010,16458.55254
Hungary,HUN,2016,14199.9612
Iceland,ISL,1990,400.84445000000005
Iceland,ISL,1995,305.23704000000004
Iceland,ISL,2000,255.72708999999998
Iceland,ISL,2005,240.55203999999998
Iceland,ISL,2010,270.26215999999994
Iceland,ISL,2016,243.806
India,IND,1990,66038158.430920005
India,IND,1995,66126598.77600001
India,IND,2000,66185223.44955001
India,IND,2005,64818127.97460001
India,IND,2010,61249577.56739999
India,IND,2016,49262814.672060005
Indonesia,IDN,1990,9224840.698919997
Indonesia,IDN,1995,9022222.46376
Indonesia,IDN,2000,8108396.953439999
Indonesia,IDN,2005,8571147.60768
Indonesia,IDN,2010,9207063.779759998
Indonesia,IDN,2016,7829799.300399999
Iran,IRN,1990,2431194.37484
Iran,IRN,1995,1611783.7288
Iran,IRN,2000,1066834.8756
Iran,IRN,2005,610236.6390800001
Iran,IRN,2010,540975.0385200001
Iran,IRN,2016,556020.0903600001
Iraq,IRQ,1990,1034132.2675199999
Iraq,IRQ,1995,1135517.3553499999
Iraq,IRQ,2000,1101498.51915
Iraq,IRQ,2005,1179369.64368
Iraq,IRQ,2010,1205818.37994
Iraq,IRQ,2016,1312209.88581
Ireland,IRL,1990,6543.3186
Ireland,IRL,1995,3843.5956600000004
Ireland,IRL,2000,3467.3971799999995
Ireland,IRL,2005,3687.7470500000004
Ireland,IRL,2010,4398.38
Ireland,IRL,2016,4068.3761400000003
Israel,ISR,1990,12179.164799999999
Israel,ISR,1995,9125.04944
Israel,ISR,2000,9403.40587
Israel,ISR,2005,9996.92381
Israel,ISR,2010,10988.992479999997
Israel,ISR,2016,12141.65608
Italy,ITA,1990,60207.83784
Italy,ITA,1995,40597.25742
Italy,ITA,2000,34640.70971999999
Italy,ITA,2005,35290.9886
Italy,ITA,2010,36076.521559999994
Italy,ITA,2016,31818.32429
Jamaica,JAM,1990,34272.8589
Jamaica,JAM,1995,32705.74099
Jamaica,JAM,2000,24599.08416
Jamaica,JAM,2005,20755.059750000004
Jamaica,JAM,2010,17780.24736
Jamaica,JAM,2016,15525.699840000003
Japan,JPN,1990,218608.09151999996
Japan,JPN,1995,183226.67294999998
Japan,JPN,2000,172462.12864
Japan,JPN,2005,188509.34550000002
Japan,JPN,2010,215167.53856
Japan,JPN,2016,198910.17960000003
Jordan,JOR,1990,117694.73041999999
Jordan,JOR,1995,91562.26615
Jordan,JOR,2000,88794.25781999998
Jordan,JOR,2005,108402.22536000003
Jordan,JOR,2010,98963.31963000003
Jordan,JOR,2016,94363.32828999999
Kazakhstan,KAZ,1990,333401.33008
Kazakhstan,KAZ,1995,282513.43633000006
Kazakhstan,KAZ,2000,167465.15808
Kazakhstan,KAZ,2005,204869.36925
Kazakhstan,KAZ,2010,216193.4642
Kazakhstan,KAZ,2016,165379.30467
Kenya,KEN,1990,1896939.2978900003
Kenya,KEN,1995,1925673.2819799997
Kenya,KEN,2000,2146537.9427399994
Kenya,KEN,2005,2034130.1636500002
Kenya,KEN,2010,1952000.5444800002
Kenya,KEN,2016,1677622.1012499998
Kiribati,KIR,1990,3462.20028
Kiribati,KIR,1995,3242.36346
Kiribati,KIR,2000,3061.4472
Kiribati,KIR,2005,2517.5409
Kiribati,KIR,2010,2910.438719999999
Kiribati,KIR,2016,2684.9583
Kuwait,KWT,1990,22161.445000000003
Kuwait,KWT,1995,20712.70278
Kuwait,KWT,2000,11986.761600000002
Kuwait,KWT,2005,8316.917899999999
Kuwait,KWT,2010,9248.8292
Kuwait,KWT,2016,9094.036200000002
Kyrgyzstan,KGZ,1990,172712.97165
Kyrgyzstan,KGZ,1995,182881.30926000004
Kyrgyzstan,KGZ,2000,132074.37256000002
Kyrgyzstan,KGZ,2005,88275.84123
Kyrgyzstan,KGZ,2010,115276.29592
Kyrgyzstan,KGZ,2016,106521.96544
Laos,LAO,1990,412350.41951999994
Laos,LAO,1995,500169.32032
Laos,LAO,2000,485440.1577999999
Laos,LAO,2005,399909.8519100001
Laos,LAO,2010,368818.58374
Laos,LAO,2016,313223.87697999994
Latvia,LVA,1990,29853.428
Latvia,LVA,1995,20617.219750000004
Latvia,LVA,2000,11321.374330000002
Latvia,LVA,2005,8320.99068
Latvia,LVA,2010,7782.800890000001
Latvia,LVA,2016,6271.831439999999
Lebanon,LBN,1990,68034.41418
Lebanon,LBN,1995,71464.84086000001
Lebanon,LBN,2000,75490.28772
Lebanon,LBN,2005,86698.54284
Lebanon,LBN,2010,53697.025969999995
Lebanon,LBN,2016,76805.0736
Lesotho,LSO,1990,113280.20622000001
Lesotho,LSO,1995,124537.27008
Lesotho,LSO,2000,146011.34250000003
Lesotho,LSO,2005,118984.3915
Lesotho,LSO,2010,96846.79821999997
Lesotho,LSO,2016,78860.57856000002
Liberia,LBR,1990,183218.70525
Liberia,LBR,1995,177385.4962
Liberia,LBR,2000,254048.1732
Liberia,LBR,2005,238331.3096
Liberia,LBR,2010,238869.44315999997
Liberia,LBR,2016,221490.41633999997
Libya,LBY,1990,147972.52995999999
Libya,LBY,1995,129371.30500000001
Libya,LBY,2000,111064.90576000004
Libya,LBY,2005,118240.2212
Libya,LBY,2010,111735.04311
Libya,LBY,2016,98170.29199999999
Lithuania,LTU,1990,40949.4456
Lithuania,LTU,1995,33512.14175
Lithuania,LTU,2000,20405.02644
Lithuania,LTU,2005,11881.947829999997
Lithuania,LTU,2010,9995.76725
Lithuania,LTU,2016,9180.14364
Luxembourg,LUX,1990,404.71368
Luxembourg,LUX,1995,344.0595200000001
Luxembourg,LUX,2000,321.6578
Luxembourg,LUX,2005,305.27443
Luxembourg,LUX,2010,317.97108000000003
Luxembourg,LUX,2016,350.18972999999994
Madagascar,MDG,1990,1219189.9803199996
Madagascar,MDG,1995,1312931.53292
Madagascar,MDG,2000,1431566.7774
Madagascar,MDG,2005,1601991.74593
Madagascar,MDG,2010,1677795.9208499999
Madagascar,MDG,2016,1686450.09456
Malawi,MWI,1990,954363.671
Malawi,MWI,1995,970684.4400799999
Malawi,MWI,2000,1093044.82464
Malawi,MWI,2005,1190258.6529599999
Malawi,MWI,2010,1122763.6904400003
Malawi,MWI,2016,1029048.63488
Malaysia,MYS,1990,959528.4680800001
Malaysia,MYS,1995,699526.8665
Malaysia,MYS,2000,512199.92063999997
Malaysia,MYS,2005,433471.08434
Malaysia,MYS,2010,403844.13752
Malaysia,MYS,2016,449692.3059
Maldives,MDV,1990,20612.972599999997
Maldives,MDV,1995,16474.889010000003
Maldives,MDV,2000,12566.99235
Maldives,MDV,2005,7837.81804
Maldives,MDV,2010,7327.3230300000005
Maldives,MDV,2016,7443.57579
Mali,MLI,1990,623305.6259999999
Mali,MLI,1995,741864.77457
Mali,MLI,2000,839612.46202
Mali,MLI,2005,928125.21355
Mali,MLI,2010,842107.4676
Mali,MLI,2016,829097.47729
Malta,MLT,1990,665.31896
Malta,MLT,1995,431.08191000000005
Malta,MLT,2000,332.20079999999996
Malta,MLT,2005,268.67719999999997
Malta,MLT,2010,256.23359999999997
Malta,MLT,2016,272.61679
Mauritania,MRT,1990,179826.37307999996
Mauritania,MRT,1995,186442.58970000004
Mauritania,MRT,2000,182152.47072
Mauritania,MRT,2005,170492.91075
Mauritania,MRT,2010,149746.09649999996
Mauritania,MRT,2016,160936.3732
Mauritius,MUS,1990,19292.763
Mauritius,MUS,1995,16135.303499999998
Mauritius,MUS,2000,12323.125
Mauritius,MUS,2005,10993.6071
Mauritius,MUS,2010,8752.13856
Mauritius,MUS,2016,6783.2252499999995
Mexico,MEX,1990,2499081.08372
Mexico,MEX,1995,2371699.749
Mexico,MEX,2000,2055685.1356799998
Mexico,MEX,2005,1934645.1572500002
Mexico,MEX,2010,1697458.1048
Mexico,MEX,2016,1401027.63858
Micronesia (country),FSM,1990,2865.2052000000003
Micronesia (country),FSM,1995,2500.13954
Micronesia (country),FSM,2000,2233.94202
Micronesia (country),FSM,2005,1975.5058999999999
Micronesia (country),FSM,2010,1588.4418000000003
Micronesia (country),FSM,2016,1395.59571
Moldova,MDA,1990,56609.056350000006
Moldova,MDA,1995,43191.66803
Moldova,MDA,2000,33200.072009999996
Moldova,MDA,2005,23735.22582
Moldova,MDA,2010,19139.87092
Moldova,MDA,2016,16763.09646
Mongolia,MNG,1990,131297.07673000003
Mongolia,MNG,1995,110265.40888
Mongolia,MNG,2000,80147.844
Mongolia,MNG,2005,59462.464660000005
Mongolia,MNG,2010,50481.853259999996
Mongolia,MNG,2016,53712.9648
Montenegro,MNE,1990,4797.672420000001
Montenegro,MNE,1995,4632.57654
Montenegro,MNE,2000,4459.53571
Montenegro,MNE,2005,4348.074890000001
Montenegro,MNE,2010,5482.464
Montenegro,MNE,2016,5042.917439999999
Morocco,MAR,1990,1057160.2405
Morocco,MAR,1995,922027.4496
Morocco,MAR,2000,764396.71384
Morocco,MAR,2005,692678.7000000001
Morocco,MAR,2010,626081.5490800001
Morocco,MAR,2016,593310.36605
Mozambique,MOZ,1990,1058379.22477
Mozambique,MOZ,1995,1435709.7252599997
Mozambique,MOZ,2000,1517352.67953
Mozambique,MOZ,2005,1643336.0052999998
Mozambique,MOZ,2010,1719695.5179600003
Mozambique,MOZ,2016,1411731.5590000001
Myanmar,MMR,1990,2551808.6213800004
Myanmar,MMR,1995,2381638.648319999
Myanmar,MMR,2000,2318767.9119700002
Myanmar,MMR,2005,2069892.79468
Myanmar,MMR,2010,1763782.2054499998
Myanmar,MMR,2016,1291090.7444200004
Namibia,NAM,1990,85792.4595
Namibia,NAM,1995,85540.47744
Namibia,NAM,2000,77558.64600000001
Namibia,NAM,2005,74782.47439
Namibia,NAM,2010,80143.33731999999
Namibia,NAM,2016,68366.452
Nepal,NPL,1990,1879844.0023799997
Nepal,NPL,1995,2074656.7922499997
Nepal,NPL,2000,2180661.1778800003
Nepal,NPL,2005,1799500.74768
Nepal,NPL,2010,1367285.10864
Nepal,NPL,2016,972308.51256
Netherlands,NLD,1990,17206.358580000004
Netherlands,NLD,1995,13017.157560000001
Netherlands,NLD,2000,11664.868629999997
Netherlands,NLD,2005,11492.33065
Netherlands,NLD,2010,10655.675879999999
Netherlands,NLD,2016,9793.377
New Zealand,NZL,1990,14329.71648
New Zealand,NZL,1995,13525.117120000003
New Zealand,NZL,2000,10203.66
New Zealand,NZL,2005,9473.50175
New Zealand,NZL,2010,10516.64736
New Zealand,NZL,2016,9532.356479999999
Nicaragua,NIC,1990,182210.14448000002
Nicaragua,NIC,1995,206194.10279999996
Nicaragua,NIC,2000,172453.0586
Nicaragua,NIC,2005,143575.85928
Nicaragua,NIC,2010,124756.96289999998
Nicaragua,NIC,2016,108971.19267999998
Niger,NER,1990,757675.29485
Niger,NER,1995,974684.9645600002
Niger,NER,2000,1272959.0307
Niger,NER,2005,1508458.06396
Niger,NER,2010,1684567.5392700003
Niger,NER,2016,1883644.8345000003
Nigeria,NGA,1990,8757599.9414
Nigeria,NGA,1995,9092284.95063
Nigeria,NGA,2000,9956745.352060003
Nigeria,NGA,2005,11458132.25375
Nigeria,NGA,2010,13721706.243450003
Nigeria,NGA,2016,10653134.486760002
North Korea,PRK,1990,945151.536
North Korea,PRK,1995,1018727.3972799998
North Korea,PRK,2000,1006268.7015200001
North Korea,PRK,2005,785276.57655
North Korea,PRK,2010,543625.3037599999
North Korea,PRK,2016,530040.37246
North Macedonia,MKD,1990,12915.938979999999
North Macedonia,MKD,1995,11756.5851
North Macedonia,MKD,2000,10541.16162
North Macedonia,MKD,2005,11561.115929999998
North Macedonia,MKD,2010,10928.45856
North Macedonia,MKD,2016,9201.28608
Norway,NOR,1990,5229.180249999999
Norway,NOR,1995,4062.2204699999993
Norway,NOR,2000,3569.9509299999995
Norway,NOR,2005,3301.8708500000002
Norway,NOR,2010,3485.54502
Norway,NOR,2016,3398.2951599999997
Oman,OMN,1990,92650.75406000002
Oman,OMN,1995,80188.095
Oman,OMN,2000,39042.269479999995
Oman,OMN,2005,31971.44208
Oman,OMN,2010,33445.302800000005
Oman,OMN,2016,46561.472180000004
Pakistan,PAK,1990,11390786.5357
Pakistan,PAK,1995,11187901.445600001
Pakistan,PAK,2000,10413244.79165
Pakistan,PAK,2005,10458098.149950001
Pakistan,PAK,2010,11557425.042870002
Pakistan,PAK,2016,10989855.924999999
Palestine,PSE,1990,65356.68545999998
Palestine,PSE,1995,83638.93224
Palestine,PSE,2000,68434.46114999999
Palestine,PSE,2005,128679.31828
Palestine,PSE,2010,82250.5851
Palestine,PSE,2016,61626.79124000001
Panama,PAN,1990,47864.32483
Panama,PAN,1995,63424.467990000005
Panama,PAN,2000,86547.8112
Panama,PAN,2005,84304.20825
Panama,PAN,2010,69509.99007
Panama,PAN,2016,61417.78632000001
Papua New Guinea,PNG,1990,263119.8272
Papua New Guinea,PNG,1995,362984.51629
Papua New Guinea,PNG,2000,470349.16532
Papua New Guinea,PNG,2005,525293.3096399999
Papua New Guinea,PNG,2010,516526.42685999995
Papua New Guinea,PNG,2016,502373.25609999994
Paraguay,PRY,1990,119978.99264999997
Paraguay,PRY,1995,109956.4152
Paraguay,PRY,2000,105279.86480000001
Paraguay,PRY,2005,84618.80861000002
Paraguay,PRY,2010,60100.32438
Paraguay,PRY,2016,48261.743839999996
Peru,PER,1990,1209413.4796800003
Peru,PER,1995,1035649.81256
Peru,PER,2000,924785.95494
Peru,PER,2005,977772.4973600002
Peru,PER,2010,777972.8008800001
Peru,PER,2016,494914.742
Philippines,PHL,1990,4101600.4559999993
Philippines,PHL,1995,3853171.8829999994
Philippines,PHL,2000,4035189.2174
Philippines,PHL,2005,4191674.2544800006
Philippines,PHL,2010,4086016.573649999
Philippines,PHL,2016,3623078.4496600004
Poland,POL,1990,293091.53804
Poland,POL,1995,270252.37161
Poland,POL,2000,209780.91642
Poland,POL,2005,157294.69108
Poland,POL,2010,158905.6558
Poland,POL,2016,132296.6736
Portugal,PRT,1990,17098.93444
Portugal,PRT,1995,10881.379320000002
Portugal,PRT,2000,8982.650810000001
Portugal,PRT,2005,8752.796970000001
Portugal,PRT,2010,7585.248890000001
Portugal,PRT,2016,6345.466820000001
Qatar,QAT,1990,6599.668839999999
Qatar,QAT,1995,5595.84268
Qatar,QAT,2000,5316.25584
Qatar,QAT,2005,5970.719789999999
Qatar,QAT,2010,7453.4465
Qatar,QAT,2016,9567.54148
Romania,ROU,1990,225192.05143999998
Romania,ROU,1995,205923.63180000003
Romania,ROU,2000,189776.37545999998
Romania,ROU,2005,153767.59092000002
Romania,ROU,2010,149062.36800000002
Romania,ROU,2016,115264.9312
Russia,RUS,1990,2507915.0602
Russia,RUS,1995,1482947.7785099999
Russia,RUS,2000,907205.31314
Russia,RUS,2005,920037.2381200001
Russia,RUS,2010,886791.23546
Russia,RUS,2016,970695.28095
Rwanda,RWA,1990,783959.8494
Rwanda,RWA,1995,382547.85489
Rwanda,RWA,2000,624557.09624
Rwanda,RWA,2005,672124.2399999999
Rwanda,RWA,2010,661637.4846199999
Rwanda,RWA,2016,612446.7117
Saint Lucia,LCA,1990,982.4923
Saint Lucia,LCA,1995,808.8015
Saint Lucia,LCA,2000,631.2249600000001
Saint Lucia,LCA,2005,450.7411
Saint Lucia,LCA,2010,367.53185
Saint Lucia,LCA,2016,349.89734999999996
Saint Vincent and the Grenadines,VCT,1990,2156.65944
Saint Vincent and the Grenadines,VCT,1995,1720.8048
Saint Vincent and the Grenadines,VCT,2000,1243.7898
Saint Vincent and the Grenadines,VCT,2005,1031.40531
Saint Vincent and the Grenadines,VCT,2010,914.14323
Saint Vincent and the Grenadines,VCT,2016,795.3468399999998
Samoa,WSM,1990,2180.06236
Samoa,WSM,1995,2158.9053200000003
Samoa,WSM,2000,2052.01584
Samoa,WSM,2005,1978.043
Samoa,WSM,2010,1940.3249999999998
Samoa,WSM,2016,1930.91525
Sao Tome and Principe,STP,1990,6966.987359999998
Sao Tome and Principe,STP,1995,7945.2709
Sao Tome and Principe,STP,2000,8469.237350000001
Sao Tome and Principe,STP,2005,8840.9618
Sao Tome and Principe,STP,2010,7938.623149999999
Sao Tome and Principe,STP,2016,5191.261
Saudi Arabia,SAU,1990,686015.59026
Saudi Arabia,SAU,1995,552153.6859200001
Saudi Arabia,SAU,2000,394967.3706
Saudi Arabia,SAU,2005,298938.0915
Saudi Arabia,SAU,2010,248746.87733
Saudi Arabia,SAU,2016,199422.27261
Senegal,SEN,1990,449002.2637100001
Senegal,SEN,1995,499534.1792000001
Senegal,SEN,2000,512848.08680000005
Senegal,SEN,2005,417557.3258400001
Senegal,SEN,2010,544694.84664
Senegal,SEN,2016,468979.69499999995
Serbia,SRB,1990,51002.13664
Serbia,SRB,1995,47760.432080000006
Serbia,SRB,2000,43667.072140000004
Serbia,SRB,2005,40468.453
Serbia,SRB,2010,41062.4772
Serbia,SRB,2016,43447.57872
Seychelles,SYC,1990,694.95165
Seychelles,SYC,1995,658.79764
Seychelles,SYC,2000,622.2088400000001
Seychelles,SYC,2005,809.5255500000001
Seychelles,SYC,2010,655.6086
Seychelles,SYC,2016,720.1099399999999
Sierra Leone,SLE,1990,326853.80384999997
Sierra Leone,SLE,1995,296219.12305999995
Sierra Leone,SLE,2000,312250.19450000004
Sierra Leone,SLE,2005,432237.76812
Sierra Leone,SLE,2010,455858.28518000006
Sierra Leone,SLE,2016,408668.7839999999
Singapore,SGP,1990,9360.983610000001
Singapore,SGP,1995,9570.9072
Singapore,SGP,2000,7928.055519999999
Singapore,SGP,2005,6978.0853799999995
Singapore,SGP,2010,6838.11954
Singapore,SGP,2016,6445.44248
Slovakia,SVK,1990,34911.00723
Slovakia,SVK,1995,33558.77991
Slovakia,SVK,2000,26962.441349999997
Slovakia,SVK,2005,21443.88606
Slovakia,SVK,2010,20985.37326
Slovakia,SVK,2016,19827.27018
Slovenia,SVN,1990,9677.13081
Slovenia,SVN,1995,9179.31573
Slovenia,SVN,2000,8341.96806
Slovenia,SVN,2005,7112.342160000001
Slovenia,SVN,2010,7812.248850000001
Slovenia,SVN,2016,7621.898880000002
Solomon Islands,SLB,1990,18320.04349
Solomon Islands,SLB,1995,18006.85764
Solomon Islands,SLB,2000,18498.587250000004
Solomon Islands,SLB,2005,22287.88578
Solomon Islands,SLB,2010,21011.430900000003
Solomon Islands,SLB,2016,21418.430670000005
Somalia,SOM,1990,482037.97664
Somalia,SOM,1995,517067.9682799999
Somalia,SOM,2000,585594.09536
Somalia,SOM,2005,803244.406
Somalia,SOM,2010,693666.5718600003
Somalia,SOM,2016,763631.79024
South Africa,ZAF,1990,1583631.9329600001
South Africa,ZAF,1995,1416418.9387599998
South Africa,ZAF,2000,1305485.3321999998
South Africa,ZAF,2005,1192130.5988699999
South Africa,ZAF,2010,1194726.69936
South Africa,ZAF,2016,1122948.9124999999
South Korea,KOR,1990,93204.70173
South Korea,KOR,1995,91771.7723
South Korea,KOR,2000,78116.68041
South Korea,KOR,2005,71131.18781999998
South Korea,KOR,2010,76313.19292
South Korea,KOR,2016,69964.71196
South Sudan,SSD,1990,459577.12008
South Sudan,SSD,1995,420895.76396999997
South Sudan,SSD,2000,484849.50075
South Sudan,SSD,2005,475024.5875199999
South Sudan,SSD,2010,499663.02126000007
South Sudan,SSD,2016,554209.7999999999
Spain,ESP,1990,35727.897
Spain,ESP,1995,26116.484579999997
Spain,ESP,2000,22511.421950000004
Spain,ESP,2005,24575.974019999998
Spain,ESP,2010,27427.958959999996
Spain,ESP,2016,22343.475000000002
Sri Lanka,LKA,1990,599398.3589999999
Sri Lanka,LKA,1995,419833.47815999994
Sri Lanka,LKA,2000,417207.13080000004
Sri Lanka,LKA,2005,320363.46824
Sri Lanka,LKA,2010,288163.56766
Sri Lanka,LKA,2016,240639.11211999995
Sudan,SDN,1990,1608991.88039
Sudan,SDN,1995,1872946.54631
Sudan,SDN,2000,2123566.85068
Sudan,SDN,2005,2092204.9083200004
Sudan,SDN,2010,2020869.5291999998
Sudan,SDN,2016,1938223.9601200002
Suriname,SUR,1990,7270.73538
Suriname,SUR,1995,7624.013760000001
Suriname,SUR,2000,7608.1065
Suriname,SUR,2005,5930.175300000001
Suriname,SUR,2010,4776.62034
Suriname,SUR,2016,4522.27586
Sweden,SWE,1990,11543.635269999999
Sweden,SWE,1995,8464.640480000002
Sweden,SWE,2000,5836.081910000002
Sweden,SWE,2005,6086.25297
Sweden,SWE,2010,6964.600020000001
Sweden,SWE,2016,7110.505709999999
Switzerland,CHE,1990,6740.03136
Switzerland,CHE,1995,5552.7405
Switzerland,CHE,2000,4805.369140000001
Switzerland,CHE,2005,4359.097100000001
Switzerland,CHE,2010,4517.31492
Switzerland,CHE,2016,4960.568539999999
Syria,SYR,1990,755462.23698
Syria,SYR,1995,668865.68293
Syria,SYR,2000,781774.7577000001
Syria,SYR,2005,824303.0183
Syria,SYR,2010,880886.67642
Syria,SYR,2016,447868.04400000005
Taiwan,TWN,1990,109138.29406000001
Taiwan,TWN,1995,106777.67004000003
Taiwan,TWN,2000,91157.11098
Taiwan,TWN,2005,64511.114850000005
Taiwan,TWN,2010,48336.784680000004
Taiwan,TWN,2016,49795.20762
Tajikistan,TJK,1990,376920.2263
Tajikistan,TJK,1995,384342.77055
Tajikistan,TJK,2000,363337.87581000006
Tajikistan,TJK,2005,306947.49498
Tajikistan,TJK,2010,302908.29722999997
Tajikistan,TJK,2016,365145.17076999997
Tanzania,TZA,1990,2180658.62212
Tanzania,TZA,1995,2868533.8687199997
Tanzania,TZA,2000,2863871.12016
Tanzania,TZA,2005,2956788.1194
Tanzania,TZA,2010,3294579.2088599997
Tanzania,TZA,2016,3012246.38318
Thailand,THA,1990,1529926.3536900003
Thailand,THA,1995,878625.8932500001
Thailand,THA,2000,723771.56056
Thailand,THA,2005,652552.8397199999
Thailand,THA,2010,614266.01998
Thailand,THA,2016,504116.73624
Timor,TLS,1990,72380.87011
Timor,TLS,1995,86972.92101
Timor,TLS,2000,91402.12991
Timor,TLS,2005,93513.51372
Timor,TLS,2010,87743.55384000002
Timor,TLS,2016,74781.72672
Togo,TGO,1990,256284.07493999996
Togo,TGO,1995,253745.19647000005
Togo,TGO,2000,269521.56332
Togo,TGO,2005,302742.26039999997
Togo,TGO,2010,298876.90238000004
Togo,TGO,2016,233696.37962999998
Tonga,TON,1990,1639.36064
Tonga,TON,1995,1503.80251
Tonga,TON,2000,1342.4057999999995
Tonga,TON,2005,1291.8696000000002
Tonga,TON,2010,1238.1875
Tonga,TON,2016,989.9026799999999
Trinidad and Tobago,TTO,1990,4897.2704
Trinidad and Tobago,TTO,1995,2329.2302600000007
Trinidad and Tobago,TTO,2000,2286.10416
Trinidad and Tobago,TTO,2005,1672.82169
Trinidad and Tobago,TTO,2010,1510.68928
Trinidad and Tobago,TTO,2016,1433.4258599999998
Tunisia,TUN,1990,243512.50903000002
Tunisia,TUN,1995,198228.40050000002
Tunisia,TUN,2000,131177.52264
Tunisia,TUN,2005,94852.96844999999
Tunisia,TUN,2010,86987.27751999999
Tunisia,TUN,2016,90445.05658
Turkey,TUR,1990,1409518.58
Turkey,TUR,1995,1373234.8664999998
Turkey,TUR,2000,1111026.444
Turkey,TUR,2005,891681.7818300001
Turkey,TUR,2010,752480.8357499999
Turkey,TUR,2016,672775.52265
Turkmenistan,TKM,1990,137579.91814
Turkmenistan,TKM,1995,140248.11049999998
Turkmenistan,TKM,2000,125707.07431000001
Turkmenistan,TKM,2005,94538.77704
Turkmenistan,TKM,2010,78977.62882
Turkmenistan,TKM,2016,79408.63763999999
Uganda,UGA,1990,1532982.3548800002
Uganda,UGA,1995,1941412.4114
Uganda,UGA,2000,2174696.4078399995
Uganda,UGA,2005,2159125.1697400003
Uganda,UGA,2010,2219328.46044
Uganda,UGA,2016,2122930.30392
Ukraine,UKR,1990,775410.9455999999
Ukraine,UKR,1995,623389.7567799999
Ukraine,UKR,2000,491227.65877000004
Ukraine,UKR,2005,391404.77757
Ukraine,UKR,2010,414794.43376000004
Ukraine,UKR,2016,398914.38619000005
United Arab Emirates,ARE,1990,52154.72064
United Arab Emirates,ARE,1995,48901.23120999999
United Arab Emirates,ARE,2000,41144.167180000004
United Arab Emirates,ARE,2005,37783.438799999996
United Arab Emirates,ARE,2010,51991.267900000006
United Arab Emirates,ARE,2016,55094.09919999999
United Kingdom,GBR,1990,154943.41499999998
United Kingdom,GBR,1995,132643.90257999997
United Kingdom,GBR,2000,112484.592
United Kingdom,GBR,2005,107061.5376
United Kingdom,GBR,2010,117916.678
United Kingdom,GBR,2016,116912.24236999999
United States,USA,1990,508924.3442
United States,USA,1995,499747.90371000004
United States,USA,2000,475223.67249000014
United States,USA,2005,449589.42066
United States,USA,2010,414879.94794000004
United States,USA,2016,374463.83246999996
Uruguay,URY,1990,39333.48705
Uruguay,URY,1995,33775.38178
Uruguay,URY,2000,30482.13167999999
Uruguay,URY,2005,28363.345920000003
Uruguay,URY,2010,23641.199890000004
Uruguay,URY,2016,21787.316819999996
Uzbekistan,UZB,1990,1123818.38604
Uzbekistan,UZB,1995,1270707.03963
Uzbekistan,UZB,2000,901781.9020199999
Uzbekistan,UZB,2005,576980.93616
Uzbekistan,UZB,2010,537445.79988
Uzbekistan,UZB,2016,532701.5862000001
Vanuatu,VUT,1990,6187.1835
Vanuatu,VUT,1995,6646.702840000001
Vanuatu,VUT,2000,6821.495639999998
Vanuatu,VUT,2005,7312.572860000001
Vanuatu,VUT,2010,8916.195869999998
Vanuatu,VUT,2016,8719.27606
Venezuela,VEN,1990,460904.9536800001
Venezuela,VEN,1995,489193.25832000014
Venezuela,VEN,2000,456316.35004999995
Venezuela,VEN,2005,406964.3844200001
Venezuela,VEN,2010,355433.55967999995
Venezuela,VEN,2016,302915.793
Vietnam,VNM,1990,5109758.74041
Vietnam,VNM,1995,4614274.21078
Vietnam,VNM,2000,3094901.3824
Vietnam,VNM,2005,2087058.37788
Vietnam,VNM,2010,2079301.6999200003
Vietnam,VNM,2016,1532559.67902
Yemen,YEM,1990,1330521.97005
Yemen,YEM,1995,1639139.9877
Yemen,YEM,2000,1721100.2643200003
Yemen,YEM,2005,1736187.1072000002
Yemen,YEM,2010,1880038.9845000003
Yemen,YEM,2016,1784097.2006000003
Zambia,ZMB,1990,797996.0404
Zambia,ZMB,1995,903453.4306499999
Zambia,ZMB,2000,1065308.71491
Zambia,ZMB,2005,1164217.6454700003
Zambia,ZMB,2010,1111742.7776000001
Zambia,ZMB,2016,1140175.8216199998
Zimbabwe,ZWE,1990,542267.21376
Zimbabwe,ZWE,1995,544519.7792300001
Zimbabwe,ZWE,2000,540376.85613
Zimbabwe,ZWE,2005,600908.2160199999
Zimbabwe,ZWE,2010,676718.74842
Zimbabwe,ZWE,2016,611613.4083199999